{"val/loss":6.777810573577881,"lr":0.00036237623762376233,"_timestamp":1.7430550351188426e+09,"_step":3,"train/loss":6.792581558227539,"_wandb":{"runtime":592},"mfu":7.679814750629029,"_runtime":502.0708549,"iter":60}