{"iter":100,"_runtime":632.10319021,"_wandb":{"runtime":769},"val/loss":6.0459208488464355,"mfu":7.750218609750906,"train/loss":6.064623832702637,"lr":0.0006,"_step":1,"_timestamp":1.7430542876808364e+09}