{"_wandb":{"runtime":10574},"mfu":8.90441196499182,"_step":50,"val/loss":3.643650531768799,"_runtime":10567.460006645,"_timestamp":1.7444813923272777e+09,"lr":6e-05,"iter":2000,"train/loss":3.642843008041382}