{"lr":6e-05,"val/loss":3.7822983264923096,"train/loss":3.758023262023926,"mfu":7.719950697233421,"_timestamp":1.7430668825064914e+09,"_runtime":11522.620727647,"_step":50,"iter":2000,"_wandb":{"runtime":11529}}