{"_timestamp":1.7457556579369583e+09,"val/loss":3.6752407550811768,"_wandb":{"runtime":10662},"_runtime":10656.33355931,"lr":6e-05,"mfu":8.80964624791909,"iter":2000,"_step":50,"train/loss":3.6986358165740967}